[
  {
    "platform" : "IPHONE",
    "searchTime" : "2021-08-25T21:33:55.777Z[UTC]",
    "searchQuery" : "i don’t want ",
    "searchInteractionURIs" : [
      "spotify:track:777zXDJpBufzttU4AJ2dGO"
    ]
  },
  {
    "platform" : "IPHONE",
    "searchTime" : "2021-08-26T09:01:45.621Z[UTC]",
    "searchQuery" : "the do",
    "searchInteractionURIs" : [
      "spotify:artist:2mcNCn1qbZUQ3J9KHapUxj"
    ]
  },
  {
    "platform" : "IPHONE",
    "searchTime" : "2021-08-26T10:05:43.951Z[UTC]",
    "searchQuery" : "505",
    "searchInteractionURIs" : [
      "spotify:track:0BxE4FqsDD1Ot4YuBXwAPp",
      "spotify:playlist:6xzdILs3m1pD4cxNJVVUdf"
    ]
  },
  {
    "platform" : "IPHONE",
    "searchTime" : "2021-08-26T11:28:17.235Z[UTC]",
    "searchQuery" : "little da",
    "searchInteractionURIs" : [
      "spotify:track:2Y0iGXY6m6immVb2ktbseM"
    ]
  },
  {
    "platform" : "IPHONE",
    "searchTime" : "2021-08-26T19:28:42.135Z[UTC]",
    "searchQuery" : "ragga twins",
    "searchInteractionURIs" : [
      "spotify:artist:41vebFiEyxaRwT7rNmRLpq"
    ]
  },
  {
    "platform" : "IPHONE",
    "searchTime" : "2021-08-26T22:44:34.627Z[UTC]",
    "searchQuery" : "505",
    "searchInteractionURIs" : [
      "spotify:track:0BxE4FqsDD1Ot4YuBXwAPp",
      "spotify:track:0BxE4FqsDD1Ot4YuBXwAPp",
      "spotify:track:0BxE4FqsDD1Ot4YuBXwAPp"
    ]
  },
  {
    "platform" : "IPHONE",
    "searchTime" : "2021-08-27T08:34:17.219Z[UTC]",
    "searchQuery" : "mirror",
    "searchInteractionURIs" : [
      "spotify:track:4rHZZAmHpZrA3iH5zx8frV",
      "spotify:track:6MreoQf8oixWI2xRcw3Fv1"
    ]
  },
  {
    "platform" : "IPHONE",
    "searchTime" : "2021-08-27T08:43:13.245Z[UTC]",
    "searchQuery" : "abba",
    "searchInteractionURIs" : [
      "spotify:artist:0LcJLqbBmaGUft1e9Mm8HV"
    ]
  },
  {
    "platform" : "IPHONE",
    "searchTime" : "2021-08-27T17:13:48.048Z[UTC]",
    "searchQuery" : "floo",
    "searchInteractionURIs" : [
      "spotify:show:0bmWonDp36VG0OpSYJwJHr"
    ]
  },
  {
    "platform" : "IPHONE",
    "searchTime" : "2021-08-27T17:19:45.621Z[UTC]",
    "searchQuery" : "pardon",
    "searchInteractionURIs" : [
      "spotify:show:5Dfyq8Bq6OhrzmeYx1FwTU"
    ]
  },
  {
    "platform" : "IPHONE",
    "searchTime" : "2021-08-27T18:12:27.789Z[UTC]",
    "searchQuery" : "pardon",
    "searchInteractionURIs" : [
    ]
  },
  {
    "platform" : "IPHONE",
    "searchTime" : "2021-08-27T18:53:25.160Z[UTC]",
    "searchQuery" : "days",
    "searchInteractionURIs" : [
      "spotify:album:4F6yLWrwSlHv5aZYZ3waAb"
    ]
  },
  {
    "platform" : "IPHONE",
    "searchTime" : "2021-08-27T19:43:37.539Z[UTC]",
    "searchQuery" : "where",
    "searchInteractionURIs" : [
    ]
  },
  {
    "platform" : "IPHONE",
    "searchTime" : "2021-08-28T17:23:00.089Z[UTC]",
    "searchQuery" : "myd",
    "searchInteractionURIs" : [
      "spotify:artist:3QFiymmbJlVBPpnrOatEAk"
    ]
  },
  {
    "platform" : "IPHONE",
    "searchTime" : "2021-08-28T17:23:09.563Z[UTC]",
    "searchQuery" : "jungle",
    "searchInteractionURIs" : [
      "spotify:artist:59oA5WbbQvomJz2BuRG071"
    ]
  },
  {
    "platform" : "IPHONE",
    "searchTime" : "2021-08-29T16:50:43.075Z[UTC]",
    "searchQuery" : "abba",
    "searchInteractionURIs" : [
      "spotify:artist:0LcJLqbBmaGUft1e9Mm8HV"
    ]
  },
  {
    "platform" : "IPHONE",
    "searchTime" : "2021-08-29T19:57:04.514Z[UTC]",
    "searchQuery" : "just the tO",
    "searchInteractionURIs" : [
    ]
  },
  {
    "platform" : "IPHONE",
    "searchTime" : "2021-08-29T19:57:04.751Z[UTC]",
    "searchQuery" : "just the t",
    "searchInteractionURIs" : [
      "spotify:track:1ko2lVN0vKGUl9zrU0qSlT",
      "spotify:track:1ko2lVN0vKGUl9zrU0qSlT",
      "spotify:track:1ko2lVN0vKGUl9zrU0qSlT"
    ]
  },
  {
    "platform" : "IPHONE",
    "searchTime" : "2021-08-29T22:26:56.567Z[UTC]",
    "searchQuery" : "asleep",
    "searchInteractionURIs" : [
      "spotify:track:7LZgdL0MxiElfaKZbuuE4l"
    ]
  },
  {
    "platform" : "IPHONE",
    "searchTime" : "2021-08-29T22:32:05.524Z[UTC]",
    "searchQuery" : "heroes",
    "searchInteractionURIs" : [
      "spotify:track:7Jh1bpe76CNTCgdgAdBw4Z"
    ]
  },
  {
    "platform" : "IPHONE",
    "searchTime" : "2021-08-30T09:38:19.488Z[UTC]",
    "searchQuery" : "the smithes",
    "searchInteractionURIs" : [
      "spotify:artist:3yY2gUcIsjMr8hjo51PoJ8"
    ]
  },
  {
    "platform" : "IPHONE",
    "searchTime" : "2021-08-30T13:42:23.273Z[UTC]",
    "searchQuery" : "run ",
    "searchInteractionURIs" : [
      "spotify:track:0boS4e6uXwp3zAvz1mLxZS",
      "spotify:track:1uXbwHHfgsXcUKfSZw5ZJ0"
    ]
  },
  {
    "platform" : "IPHONE",
    "searchTime" : "2021-08-30T14:01:09.147Z[UTC]",
    "searchQuery" : "grace ",
    "searchInteractionURIs" : [
      "spotify:track:2SDx0PooHZI1SQKR0y44bs",
      "spotify:track:2SDx0PooHZI1SQKR0y44bs"
    ]
  },
  {
    "platform" : "IPHONE",
    "searchTime" : "2021-08-30T19:55:14.122Z[UTC]",
    "searchQuery" : "mirtor",
    "searchInteractionURIs" : [
      "spotify:track:6MreoQf8oixWI2xRcw3Fv1",
      "spotify:playlist:7m8NpkKB1rkIWuA2Dm8HpW",
      "spotify:track:6MreoQf8oixWI2xRcw3Fv1"
    ]
  },
  {
    "platform" : "IPHONE",
    "searchTime" : "2021-08-30T20:49:48.173Z[UTC]",
    "searchQuery" : "philosophy of ",
    "searchInteractionURIs" : [
      "spotify:album:0TzI1YcMAQVdQ4yUZuy7fA"
    ]
  },
  {
    "platform" : "IPHONE",
    "searchTime" : "2021-08-30T23:01:41.558Z[UTC]",
    "searchQuery" : "th",
    "searchInteractionURIs" : [
    ]
  },
  {
    "platform" : "IPHONE",
    "searchTime" : "2021-08-30T23:01:45.676Z[UTC]",
    "searchQuery" : "our lov",
    "searchInteractionURIs" : [
      "spotify:album:3YSlq716lXQhnFTxp6z4Tb"
    ]
  },
  {
    "platform" : "IPHONE",
    "searchTime" : "2021-08-31T21:17:05.722Z[UTC]",
    "searchQuery" : "goodbye leni",
    "searchInteractionURIs" : [
    ]
  },
  {
    "platform" : "IPHONE",
    "searchTime" : "2021-08-31T23:09:40.167Z[UTC]",
    "searchQuery" : "pump",
    "searchInteractionURIs" : [
      "spotify:track:7w87IxuO7BDcJ3YUqCyMTT",
      "spotify:track:7w87IxuO7BDcJ3YUqCyMTT"
    ]
  },
  {
    "platform" : "IPHONE",
    "searchTime" : "2021-09-01T00:16:53.136Z[UTC]",
    "searchQuery" : "suf",
    "searchInteractionURIs" : [
      "spotify:track:5GbVzc6Ex5LYlLJqzRQhuy",
      "spotify:track:5I6y1KWmUoV5YCaIEcs1qs",
      "spotify:track:5GbVzc6Ex5LYlLJqzRQhuy",
      "spotify:track:5I6y1KWmUoV5YCaIEcs1qs",
      "spotify:track:0SUDiaR0qm30fXVGPjPvRp",
      "spotify:album:0U8DeqqKDgIhIiWOdqiQXE"
    ]
  },
  {
    "platform" : "IPHONE",
    "searchTime" : "2021-09-01T20:49:39.115Z[UTC]",
    "searchQuery" : "take m3 steps",
    "searchInteractionURIs" : [
    ]
  },
  {
    "platform" : "IPHONE",
    "searchTime" : "2021-09-01T20:49:47.884Z[UTC]",
    "searchQuery" : "3 steps beethoven",
    "searchInteractionURIs" : [
    ]
  },
  {
    "platform" : "IPHONE",
    "searchTime" : "2021-09-01T20:50:37.179Z[UTC]",
    "searchQuery" : "hit yo 3 step",
    "searchInteractionURIs" : [
      "spotify:playlist:6dzFz7XhtSSVWBUdb5KQrQ"
    ]
  },
  {
    "platform" : "IPHONE",
    "searchTime" : "2021-09-01T21:13:59.149Z[UTC]",
    "searchQuery" : "baja fe",
    "searchInteractionURIs" : [
      "spotify:track:73RIKByPXWDa7izSoNu6yA"
    ]
  },
  {
    "platform" : "IPHONE",
    "searchTime" : "2021-09-01T22:08:43.745Z[UTC]",
    "searchQuery" : "sophie",
    "searchInteractionURIs" : [
      "spotify:artist:5a2w2tgpLwv26BYJf2qYwu"
    ]
  },
  {
    "platform" : "IPHONE",
    "searchTime" : "2021-09-01T23:47:36.337Z[UTC]",
    "searchQuery" : "and i wan",
    "searchInteractionURIs" : [
      "spotify:track:3JvKfv6T31zO0ini8iNItO"
    ]
  },
  {
    "platform" : "IPHONE",
    "searchTime" : "2021-09-02T09:38:39.276Z[UTC]",
    "searchQuery" : "georg",
    "searchInteractionURIs" : [
      "spotify:track:0oks4FnzhNp5QPTZtoet7c",
      "spotify:artist:6jU2Tt13MmXYk0ZBv1KmfO"
    ]
  },
  {
    "platform" : "IPHONE",
    "searchTime" : "2021-09-02T09:53:33.094Z[UTC]",
    "searchQuery" : "this is arctic",
    "searchInteractionURIs" : [
      "spotify:playlist:37i9dQZF1DX1A0PcRHdJVf"
    ]
  },
  {
    "platform" : "IPHONE",
    "searchTime" : "2021-09-02T13:20:19.198Z[UTC]",
    "searchQuery" : "pardon",
    "searchInteractionURIs" : [
      "spotify:show:5Dfyq8Bq6OhrzmeYx1FwTU"
    ]
  },
  {
    "platform" : "IPHONE",
    "searchTime" : "2021-09-02T15:22:35.600Z[UTC]",
    "searchQuery" : "this is interpol",
    "searchInteractionURIs" : [
      "spotify:playlist:37i9dQZF1DZ06evO2irEuk"
    ]
  },
  {
    "platform" : "IPHONE",
    "searchTime" : "2021-09-02T16:07:09.761Z[UTC]",
    "searchQuery" : "abba",
    "searchInteractionURIs" : [
      "spotify:artist:0LcJLqbBmaGUft1e9Mm8HV"
    ]
  },
  {
    "platform" : "IPHONE",
    "searchTime" : "2021-09-02T22:11:47.954Z[UTC]",
    "searchQuery" : "nekfeu",
    "searchInteractionURIs" : [
      "spotify:artist:4LXBc13z5EWsc5N32bLxfH"
    ]
  },
  {
    "platform" : "IPHONE",
    "searchTime" : "2021-09-02T23:07:05.365Z[UTC]",
    "searchQuery" : "paper",
    "searchInteractionURIs" : [
      "spotify:track:1ixbwbeBi5ufN4noUKmW5a"
    ]
  },
  {
    "platform" : "IPHONE",
    "searchTime" : "2021-09-03T07:21:43.285Z[UTC]",
    "searchQuery" : "beach ",
    "searchInteractionURIs" : [
      "spotify:artist:56ZTgzPBDge0OvCGgMO3OY"
    ]
  },
  {
    "platform" : "IPHONE",
    "searchTime" : "2021-09-03T08:05:01.648Z[UTC]",
    "searchQuery" : "giorg",
    "searchInteractionURIs" : [
      "spotify:track:0oks4FnzhNp5QPTZtoet7c"
    ]
  },
  {
    "platform" : "IPHONE",
    "searchTime" : "2021-09-03T08:24:36.513Z[UTC]",
    "searchQuery" : "smash",
    "searchInteractionURIs" : [
      "spotify:track:3cfOd4CMv2snFaKAnMdnvK"
    ]
  },
  {
    "platform" : "IPHONE",
    "searchTime" : "2021-09-03T08:32:00.807Z[UTC]",
    "searchQuery" : "paper",
    "searchInteractionURIs" : [
      "spotify:track:1ixbwbeBi5ufN4noUKmW5a"
    ]
  },
  {
    "platform" : "IPHONE",
    "searchTime" : "2021-09-03T08:33:08.901Z[UTC]",
    "searchQuery" : "rick",
    "searchInteractionURIs" : [
      "spotify:track:4cOdK2wGLETKBW3PvgPWqT"
    ]
  },
  {
    "platform" : "IPHONE",
    "searchTime" : "2021-09-03T08:46:13.553Z[UTC]",
    "searchQuery" : "fkj",
    "searchInteractionURIs" : [
      "spotify:artist:2FwDTncULUnmANIh7qKa5z"
    ]
  },
  {
    "platform" : "IPHONE",
    "searchTime" : "2021-09-03T08:46:53.931Z[UTC]",
    "searchQuery" : "confessio",
    "searchInteractionURIs" : [
      "spotify:track:0C9qil6cXEEJ8AzrMUEHv6"
    ]
  },
  {
    "platform" : "IPHONE",
    "searchTime" : "2021-09-03T08:51:58.278Z[UTC]",
    "searchQuery" : "chui",
    "searchInteractionURIs" : [
      "spotify:track:762B4bOcXF7I2Y8UlKTyTy"
    ]
  },
  {
    "platform" : "IPHONE",
    "searchTime" : "2021-09-03T10:05:38.880Z[UTC]",
    "searchQuery" : "life is simple",
    "searchInteractionURIs" : [
      "spotify:track:4ileLT7ldd2uX8bMemWqbm"
    ]
  },
  {
    "platform" : "IPHONE",
    "searchTime" : "2021-09-03T10:08:43.988Z[UTC]",
    "searchQuery" : "jungle",
    "searchInteractionURIs" : [
      "spotify:track:6mfQHV1tPWUpme1qi9vYpI"
    ]
  },
  {
    "platform" : "IPHONE",
    "searchTime" : "2021-09-03T13:54:59.773Z[UTC]",
    "searchQuery" : "99",
    "searchInteractionURIs" : [
      "spotify:track:4ZhPLoMzZwewHLLjV1J15c"
    ]
  },
  {
    "platform" : "IPHONE",
    "searchTime" : "2021-09-03T14:26:04.482Z[UTC]",
    "searchQuery" : "tokyo",
    "searchInteractionURIs" : [
      "spotify:artist:46aNfN89JrOQTCy97GoCHa"
    ]
  },
  {
    "platform" : "IPHONE",
    "searchTime" : "2021-09-03T14:29:58.954Z[UTC]",
    "searchQuery" : "afroj",
    "searchInteractionURIs" : [
      "spotify:artist:4D75GcNG95ebPtNvoNVXhz"
    ]
  },
  {
    "platform" : "IPHONE",
    "searchTime" : "2021-09-03T14:30:19.056Z[UTC]",
    "searchQuery" : "all night long ",
    "searchInteractionURIs" : [
    ]
  },
  {
    "platform" : "IPHONE",
    "searchTime" : "2021-09-03T14:32:17.492Z[UTC]",
    "searchQuery" : "evan",
    "searchInteractionURIs" : [
      "spotify:track:0COqiPhxzoWICwFCS4eZcp"
    ]
  },
  {
    "platform" : "IPHONE",
    "searchTime" : "2021-09-03T14:36:04.071Z[UTC]",
    "searchQuery" : "paramor",
    "searchInteractionURIs" : [
      "spotify:artist:74XFHRwlV6OrjEM0A2NCMF"
    ]
  },
  {
    "platform" : "IPHONE",
    "searchTime" : "2021-09-03T14:47:03.307Z[UTC]",
    "searchQuery" : "libere",
    "searchInteractionURIs" : [
      "spotify:track:5pqhqSdrxLXDZY9eeCAtSJ"
    ]
  },
  {
    "platform" : "IPHONE",
    "searchTime" : "2021-09-03T14:53:11.828Z[UTC]",
    "searchQuery" : "bande",
    "searchInteractionURIs" : [
      "spotify:track:205HNJ73cgpC0LAOnuQiWT"
    ]
  },
  {
    "platform" : "IPHONE",
    "searchTime" : "2021-09-03T14:57:34.112Z[UTC]",
    "searchQuery" : "i muvribi",
    "searchInteractionURIs" : [
      "spotify:artist:6F0Plr9cZQ71ExSA4PGX7r"
    ]
  },
  {
    "platform" : "IPHONE",
    "searchTime" : "2021-09-03T15:01:36.803Z[UTC]",
    "searchQuery" : "paramore",
    "searchInteractionURIs" : [
      "spotify:artist:74XFHRwlV6OrjEM0A2NCMF"
    ]
  },
  {
    "platform" : "IPHONE",
    "searchTime" : "2021-09-03T15:01:53.761Z[UTC]",
    "searchQuery" : "this is paramore",
    "searchInteractionURIs" : [
      "spotify:playlist:37i9dQZF1DWV24eoTgHIrd"
    ]
  },
  {
    "platform" : "IPHONE",
    "searchTime" : "2021-09-03T15:02:35.187Z[UTC]",
    "searchQuery" : "skater bou",
    "searchInteractionURIs" : [
      "spotify:track:00Mb3DuaIH1kjrwOku9CGU"
    ]
  },
  {
    "platform" : "IPHONE",
    "searchTime" : "2021-09-03T15:05:56.687Z[UTC]",
    "searchQuery" : "jena",
    "searchInteractionURIs" : [
      "spotify:artist:420YC216vQuRC7wa6dZjYL"
    ]
  },
  {
    "platform" : "IPHONE",
    "searchTime" : "2021-09-03T15:30:27.873Z[UTC]",
    "searchQuery" : "goodbye my",
    "searchInteractionURIs" : [
      "spotify:track:6gxycjJNMgmAyfzUXBN80P"
    ]
  },
  {
    "platform" : "IPHONE",
    "searchTime" : "2021-09-03T15:35:06.658Z[UTC]",
    "searchQuery" : "levit",
    "searchInteractionURIs" : [
      "spotify:track:5nujrmhLynf4yMoMtj8AQF"
    ]
  },
  {
    "platform" : "IPHONE",
    "searchTime" : "2021-09-03T15:56:52.014Z[UTC]",
    "searchQuery" : "on verra",
    "searchInteractionURIs" : [
      "spotify:track:57I5KhEpQFC9XBgKt6nklL"
    ]
  },
  {
    "platform" : "IPHONE",
    "searchTime" : "2021-09-03T15:58:26.579Z[UTC]",
    "searchQuery" : "epsei",
    "searchInteractionURIs" : [
      "spotify:track:1bWACDppxjESmjkXMl6cnI"
    ]
  },
  {
    "platform" : "IPHONE",
    "searchTime" : "2021-09-03T15:58:33.168Z[UTC]",
    "searchQuery" : "nwar",
    "searchInteractionURIs" : [
      "spotify:track:34iEMu8pGMHsZtNqAoyVZD"
    ]
  },
  {
    "platform" : "IPHONE",
    "searchTime" : "2021-09-03T16:13:27.673Z[UTC]",
    "searchQuery" : "damso",
    "searchInteractionURIs" : [
      "spotify:artist:2UwqpfQtNuhBwviIC0f2ie"
    ]
  },
  {
    "platform" : "IPHONE",
    "searchTime" : "2021-09-03T16:53:54.630Z[UTC]",
    "searchQuery" : "damso",
    "searchInteractionURIs" : [
    ]
  },
  {
    "platform" : "IPHONE",
    "searchTime" : "2021-09-04T09:45:54.340Z[UTC]",
    "searchQuery" : "moderato",
    "searchInteractionURIs" : [
      "spotify:artist:6fynenqBn7lrlAgVCw5YnB"
    ]
  },
  {
    "platform" : "IPHONE",
    "searchTime" : "2021-09-04T13:22:43.976Z[UTC]",
    "searchQuery" : "innow",
    "searchInteractionURIs" : [
      "spotify:track:2IFaUS63AIAr9P46W1lEwt"
    ]
  },
  {
    "platform" : "IPHONE",
    "searchTime" : "2021-09-04T13:45:24.070Z[UTC]",
    "searchQuery" : "innow",
    "searchInteractionURIs" : [
    ]
  },
  {
    "platform" : "IPHONE",
    "searchTime" : "2021-09-04T13:55:17.245Z[UTC]",
    "searchQuery" : "innow",
    "searchInteractionURIs" : [
    ]
  },
  {
    "platform" : "IPHONE",
    "searchTime" : "2021-09-04T16:03:09.658Z[UTC]",
    "searchQuery" : "la ji",
    "searchInteractionURIs" : [
      "spotify:track:4CWcaGtaOyAqBDKIeZMUe0"
    ]
  },
  {
    "platform" : "IPHONE",
    "searchTime" : "2021-09-04T16:10:36.838Z[UTC]",
    "searchQuery" : "paris band",
    "searchInteractionURIs" : [
      "spotify:track:44uIDpnTqjUpfweFA4lrCr",
      "spotify:track:44uIDpnTqjUpfweFA4lrCr"
    ]
  },
  {
    "platform" : "IPHONE",
    "searchTime" : "2021-09-05T08:30:30.096Z[UTC]",
    "searchQuery" : "tame ",
    "searchInteractionURIs" : [
      "spotify:track:2X485T9Z5Ly0xyaghN73ed",
      "spotify:track:5hM5arv9KDbCHS0k9uqwjr",
      "spotify:track:6K4t31amVTZDgR3sKmwUJJ",
      "spotify:album:79dL7FLiJFOO0EoehUHQBv",
      "spotify:track:0LtOwyZoSNZKJWHqjzADpW",
      "spotify:track:5hM5arv9KDbCHS0k9uqwjr"
    ]
  },
  {
    "platform" : "IPHONE",
    "searchTime" : "2021-09-05T14:52:07.718Z[UTC]",
    "searchQuery" : "tame ",
    "searchInteractionURIs" : [
    ]
  },
  {
    "platform" : "IPHONE",
    "searchTime" : "2021-09-05T15:22:04.390Z[UTC]",
    "searchQuery" : "this is tame",
    "searchInteractionURIs" : [
    ]
  },
  {
    "platform" : "IPHONE",
    "searchTime" : "2021-09-05T15:55:00.972Z[UTC]",
    "searchQuery" : "this is tame",
    "searchInteractionURIs" : [
    ]
  },
  {
    "platform" : "IPHONE",
    "searchTime" : "2021-09-06T23:07:27.370Z[UTC]",
    "searchQuery" : "somebo",
    "searchInteractionURIs" : [
      "spotify:track:1qDrWA6lyx8cLECdZE7TV7",
      "spotify:track:1qDrWA6lyx8cLECdZE7TV7"
    ]
  },
  {
    "platform" : "IPHONE",
    "searchTime" : "2021-09-07T10:47:31.516Z[UTC]",
    "searchQuery" : "train ",
    "searchInteractionURIs" : [
      "spotify:track:44uIDpnTqjUpfweFA4lrCr",
      "spotify:playlist:37i9dQZF1DX9mxKt6WorzQ"
    ]
  },
  {
    "platform" : "IPHONE",
    "searchTime" : "2021-09-07T18:07:13.719Z[UTC]",
    "searchQuery" : "l",
    "searchInteractionURIs" : [
      "spotify:track:4CWcaGtaOyAqBDKIeZMUe0"
    ]
  },
  {
    "platform" : "IPHONE",
    "searchTime" : "2021-09-07T23:25:41.855Z[UTC]",
    "searchQuery" : "sometimes all ",
    "searchInteractionURIs" : [
      "spotify:playlist:45ncrWn8YvwrpOULhINIkX"
    ]
  },
  {
    "platform" : "IPHONE",
    "searchTime" : "2021-09-08T09:54:59.512Z[UTC]",
    "searchQuery" : "heat waves sl",
    "searchInteractionURIs" : [
      "spotify:playlist:0NTn3Ownaz8ZAlL2m2TRqM"
    ]
  },
  {
    "platform" : "IPHONE",
    "searchTime" : "2021-09-08T11:06:01.031Z[UTC]",
    "searchQuery" : "summer",
    "searchInteractionURIs" : [
      "spotify:playlist:37i9dQZF1DWYAaAF4glatK",
      "spotify:track:6YUTL4dYpB9xZO5qExPf05"
    ]
  },
  {
    "platform" : "IPHONE",
    "searchTime" : "2021-09-08T11:07:24.678Z[UTC]",
    "searchQuery" : "summer day",
    "searchInteractionURIs" : [
      "spotify:track:7Feaw9WAEREY0DUOSXJLOM"
    ]
  },
  {
    "platform" : "IPHONE",
    "searchTime" : "2021-09-08T15:24:07.262Z[UTC]",
    "searchQuery" : "pink",
    "searchInteractionURIs" : [
      "spotify:artist:1KCSPY1glIKqW2TotWuXOR"
    ]
  },
  {
    "platform" : "IPHONE",
    "searchTime" : "2021-09-08T15:24:32.397Z[UTC]",
    "searchQuery" : "katy p",
    "searchInteractionURIs" : [
      "spotify:artist:6jJ0s89eD6GaHleKKya26X"
    ]
  },
  {
    "platform" : "IPHONE",
    "searchTime" : "2021-09-08T21:44:45.799Z[UTC]",
    "searchQuery" : "go A",
    "searchInteractionURIs" : [
      "spotify:artist:4kvCU3MzggM2piZCqvxj0x"
    ]
  },
  {
    "platform" : "IPHONE",
    "searchTime" : "2021-09-08T23:44:47.471Z[UTC]",
    "searchQuery" : "love tonight",
    "searchInteractionURIs" : [
      "spotify:track:2prnn41CblB8B4yWACDljP"
    ]
  },
  {
    "platform" : "IPHONE",
    "searchTime" : "2021-09-09T00:20:42.905Z[UTC]",
    "searchQuery" : "johanna",
    "searchInteractionURIs" : [
    ]
  },
  {
    "platform" : "IPHONE",
    "searchTime" : "2021-09-09T00:21:20.753Z[UTC]",
    "searchQuery" : "paul juilla",
    "searchInteractionURIs" : [
      "spotify:user:21mjg5lfbxxjykf57jng3m24q"
    ]
  },
  {
    "platform" : "IPHONE",
    "searchTime" : "2021-09-09T00:27:35.392Z[UTC]",
    "searchQuery" : "summer days",
    "searchInteractionURIs" : [
      "spotify:track:7Feaw9WAEREY0DUOSXJLOM"
    ]
  },
  {
    "platform" : "IPHONE",
    "searchTime" : "2021-09-09T00:36:51.192Z[UTC]",
    "searchQuery" : "lean",
    "searchInteractionURIs" : [
      "spotify:track:2YWjW3wwQIBLNhxWKBQd16"
    ]
  },
  {
    "platform" : "IPHONE",
    "searchTime" : "2021-09-09T00:45:59.783Z[UTC]",
    "searchQuery" : "love yon",
    "searchInteractionURIs" : [
    ]
  },
  {
    "platform" : "IPHONE",
    "searchTime" : "2021-09-09T00:47:55.135Z[UTC]",
    "searchQuery" : "love ton",
    "searchInteractionURIs" : [
      "spotify:track:2prnn41CblB8B4yWACDljP"
    ]
  },
  {
    "platform" : "IPHONE",
    "searchTime" : "2021-09-09T01:40:25.873Z[UTC]",
    "searchQuery" : "tatlor",
    "searchInteractionURIs" : [
      "spotify:track:1D4PL9B8gOg78jiHg3FvBb",
      "spotify:track:1D4PL9B8gOg78jiHg3FvBb",
      "spotify:artist:06HL4z0CvFAxyc27GXpf02"
    ]
  },
  {
    "platform" : "IPHONE",
    "searchTime" : "2021-09-09T01:44:56.820Z[UTC]",
    "searchQuery" : "kungs",
    "searchInteractionURIs" : [
      "spotify:artist:7keGfmQR4X5w0two1xKZ7d"
    ]
  },
  {
    "platform" : "IPHONE",
    "searchTime" : "2021-09-09T01:50:30.360Z[UTC]",
    "searchQuery" : "klin",
    "searchInteractionURIs" : [
      "spotify:artist:1L9i6qZYIGQedgM9QLSyzb"
    ]
  },
  {
    "platform" : "IPHONE",
    "searchTime" : "2021-09-09T01:54:56.926Z[UTC]",
    "searchQuery" : "mome",
    "searchInteractionURIs" : [
      "spotify:artist:4lDXfIznmGueBgTjI3qGUX"
    ]
  },
  {
    "platform" : "IPHONE",
    "searchTime" : "2021-09-09T01:55:04.364Z[UTC]",
    "searchQuery" : "aloha",
    "searchInteractionURIs" : [
      "spotify:track:7IfOWyh4jTfkcGVrXKVNq0",
      "spotify:track:7IfOWyh4jTfkcGVrXKVNq0"
    ]
  },
  {
    "platform" : "IPHONE",
    "searchTime" : "2021-09-09T02:02:54.278Z[UTC]",
    "searchQuery" : "roar",
    "searchInteractionURIs" : [
      "spotify:track:6F5c58TMEs1byxUstkzVeM"
    ]
  },
  {
    "platform" : "IPHONE",
    "searchTime" : "2021-09-09T14:18:34.201Z[UTC]",
    "searchQuery" : "the do",
    "searchInteractionURIs" : [
      "spotify:artist:2mcNCn1qbZUQ3J9KHapUxj"
    ]
  },
  {
    "platform" : "IPHONE",
    "searchTime" : "2021-09-09T14:25:09.817Z[UTC]",
    "searchQuery" : "the do",
    "searchInteractionURIs" : [
    ]
  },
  {
    "platform" : "IPHONE",
    "searchTime" : "2021-09-09T14:39:48.897Z[UTC]",
    "searchQuery" : "the do",
    "searchInteractionURIs" : [
    ]
  },
  {
    "platform" : "IPHONE",
    "searchTime" : "2021-09-10T13:11:49.595Z[UTC]",
    "searchQuery" : "pauline magron",
    "searchInteractionURIs" : [
    ]
  },
  {
    "platform" : "IPHONE",
    "searchTime" : "2021-09-10T13:12:16.744Z[UTC]",
    "searchQuery" : "Pauline Magron",
    "searchInteractionURIs" : [
    ]
  },
  {
    "platform" : "IPHONE",
    "searchTime" : "2021-09-10T13:13:41.673Z[UTC]",
    "searchQuery" : "Pauline Magro",
    "searchInteractionURIs" : [
    ]
  },
  {
    "platform" : "IPHONE",
    "searchTime" : "2021-09-10T13:21:39.100Z[UTC]",
    "searchQuery" : "pauline",
    "searchInteractionURIs" : [
      "spotify:user:uzpdvlqz013uhv6crmiqoh7hk"
    ]
  },
  {
    "platform" : "IPHONE",
    "searchTime" : "2021-09-10T13:21:57.132Z[UTC]",
    "searchQuery" : "pauline",
    "searchInteractionURIs" : [
      "spotify:user:pauline.a9"
    ]
  },
  {
    "platform" : "IPHONE",
    "searchTime" : "2021-09-10T20:09:21.814Z[UTC]",
    "searchQuery" : "tra",
    "searchInteractionURIs" : [
      "spotify:track:44uIDpnTqjUpfweFA4lrCr"
    ]
  },
  {
    "platform" : "IPHONE",
    "searchTime" : "2021-09-10T23:42:13.656Z[UTC]",
    "searchQuery" : "pionee",
    "searchInteractionURIs" : [
      "spotify:track:7cxS70ulR0lD2xi7lDRcmw"
    ]
  },
  {
    "platform" : "IPHONE",
    "searchTime" : "2021-09-10T23:51:11.557Z[UTC]",
    "searchQuery" : "pace i",
    "searchInteractionURIs" : [
    ]
  },
  {
    "platform" : "IPHONE",
    "searchTime" : "2021-09-10T23:51:15.125Z[UTC]",
    "searchQuery" : "outro",
    "searchInteractionURIs" : [
      "spotify:track:1s9i7W8zx7Nxx78MUIsvjV"
    ]
  },
  {
    "platform" : "IPHONE",
    "searchTime" : "2021-09-10T23:55:22.700Z[UTC]",
    "searchQuery" : "cafe",
    "searchInteractionURIs" : [
      "spotify:playlist:77m8AyirhZqdPJUzZNQepV"
    ]
  },
  {
    "platform" : "IPHONE",
    "searchTime" : "2021-09-11T00:59:08.860Z[UTC]",
    "searchQuery" : "lupine frea",
    "searchInteractionURIs" : [
    ]
  },
  {
    "platform" : "IPHONE",
    "searchTime" : "2021-09-11T00:59:10.923Z[UTC]",
    "searchQuery" : "lupine fr",
    "searchInteractionURIs" : [
      "spotify:track:7EkWXAI1wn8Ii883ecd9xr"
    ]
  },
  {
    "platform" : "IPHONE",
    "searchTime" : "2021-09-11T01:19:16.455Z[UTC]",
    "searchQuery" : "closer",
    "searchInteractionURIs" : [
      "spotify:track:7BKLCZ1jbUBVqRi2FVlTVw"
    ]
  },
  {
    "platform" : "IPHONE",
    "searchTime" : "2021-09-11T09:22:53.111Z[UTC]",
    "searchQuery" : "thi",
    "searchInteractionURIs" : [
    ]
  },
  {
    "platform" : "IPHONE",
    "searchTime" : "2021-09-11T09:39:48.559Z[UTC]",
    "searchQuery" : "xx",
    "searchInteractionURIs" : [
      "spotify:artist:3iOvXCl6edW5Um0fXEBRXy"
    ]
  },
  {
    "platform" : "IPHONE",
    "searchTime" : "2021-09-11T09:41:28.785Z[UTC]",
    "searchQuery" : "le lac",
    "searchInteractionURIs" : [
      "spotify:track:0fQIB0rVuLNDNlq3B0hij9"
    ]
  },
  {
    "platform" : "IPHONE",
    "searchTime" : "2021-09-11T09:44:26.805Z[UTC]",
    "searchQuery" : "le lac",
    "searchInteractionURIs" : [
    ]
  },
  {
    "platform" : "IPHONE",
    "searchTime" : "2021-09-11T09:51:02.109Z[UTC]",
    "searchQuery" : "le lac",
    "searchInteractionURIs" : [
      "spotify:track:0fQIB0rVuLNDNlq3B0hij9"
    ]
  },
  {
    "platform" : "IPHONE",
    "searchTime" : "2021-09-11T10:00:15.078Z[UTC]",
    "searchQuery" : "le lac",
    "searchInteractionURIs" : [
      "spotify:track:0fQIB0rVuLNDNlq3B0hij9"
    ]
  },
  {
    "platform" : "IPHONE",
    "searchTime" : "2021-09-16T18:57:29.870Z[UTC]",
    "searchQuery" : "hugo ",
    "searchInteractionURIs" : [
      "spotify:artist:2jvKLLBED6JvKWtT8y3kCu"
    ]
  },
  {
    "platform" : "IPHONE",
    "searchTime" : "2021-09-16T18:58:05.669Z[UTC]",
    "searchQuery" : "fin de soiree et ",
    "searchInteractionURIs" : [
      "spotify:playlist:3pfMei2FUj43vJN9JQLCWO"
    ]
  },
  {
    "platform" : "IPHONE",
    "searchTime" : "2021-09-17T06:41:14.925Z[UTC]",
    "searchQuery" : "la ",
    "searchInteractionURIs" : [
      "spotify:track:4CWcaGtaOyAqBDKIeZMUe0",
      "spotify:track:4CWcaGtaOyAqBDKIeZMUe0"
    ]
  },
  {
    "platform" : "IPHONE",
    "searchTime" : "2021-09-17T06:52:15.521Z[UTC]",
    "searchQuery" : "balenciag",
    "searchInteractionURIs" : [
      "spotify:track:3Nwn5oqhOeDj0D0xth8uqM"
    ]
  },
  {
    "platform" : "IPHONE",
    "searchTime" : "2021-09-17T07:55:48.453Z[UTC]",
    "searchQuery" : "balenciag",
    "searchInteractionURIs" : [
    ]
  },
  {
    "platform" : "IPHONE",
    "searchTime" : "2021-09-17T08:07:39.834Z[UTC]",
    "searchQuery" : "balenciag",
    "searchInteractionURIs" : [
    ]
  },
  {
    "platform" : "IPHONE",
    "searchTime" : "2021-09-17T08:40:46.430Z[UTC]",
    "searchQuery" : "balenciag",
    "searchInteractionURIs" : [
    ]
  },
  {
    "platform" : "IPHONE",
    "searchTime" : "2021-09-17T08:46:08.016Z[UTC]",
    "searchQuery" : "balenciag",
    "searchInteractionURIs" : [
    ]
  },
  {
    "platform" : "IPHONE",
    "searchTime" : "2021-09-17T08:58:21.562Z[UTC]",
    "searchQuery" : "balenciag",
    "searchInteractionURIs" : [
    ]
  },
  {
    "platform" : "IPHONE",
    "searchTime" : "2021-09-17T09:42:33.205Z[UTC]",
    "searchQuery" : "911",
    "searchInteractionURIs" : [
      "spotify:track:2DOc7EJutpU8OrBHV6RABG",
      "spotify:track:4LAGHmHcSt0HHwXCJcFri6",
      "spotify:track:4LAGHmHcSt0HHwXCJcFri6"
    ]
  },
  {
    "platform" : "IPHONE",
    "searchTime" : "2021-09-17T09:57:14.048Z[UTC]",
    "searchQuery" : "pnl",
    "searchInteractionURIs" : [
      "spotify:artist:3NH8t45zOTqzlZgBvZRjvB"
    ]
  },
  {
    "platform" : "IPHONE",
    "searchTime" : "2021-09-17T10:31:12.195Z[UTC]",
    "searchQuery" : "evan",
    "searchInteractionURIs" : [
      "spotify:track:0COqiPhxzoWICwFCS4eZcp"
    ]
  },
  {
    "platform" : "IPHONE",
    "searchTime" : "2021-09-18T02:00:22.527Z[UTC]",
    "searchQuery" : "beach",
    "searchInteractionURIs" : [
      "spotify:artist:56ZTgzPBDge0OvCGgMO3OY",
      "spotify:artist:56ZTgzPBDge0OvCGgMO3OY"
    ]
  },
  {
    "platform" : "IPHONE",
    "searchTime" : "2021-09-18T02:39:07.972Z[UTC]",
    "searchQuery" : "nina",
    "searchInteractionURIs" : [
      "spotify:artist:7G1GBhoKtEPnP86X2PvEYO"
    ]
  },
  {
    "platform" : "IPHONE",
    "searchTime" : "2021-09-18T02:39:59.612Z[UTC]",
    "searchQuery" : "the ww",
    "searchInteractionURIs" : [
      "spotify:artist:3iOvXCl6edW5Um0fXEBRXy"
    ]
  },
  {
    "platform" : "IPHONE",
    "searchTime" : "2021-09-18T04:51:03.380Z[UTC]",
    "searchQuery" : "moskau",
    "searchInteractionURIs" : [
      "spotify:track:0cwEvwz7syhgHKXX1z4puc",
      "spotify:track:0cwEvwz7syhgHKXX1z4puc"
    ]
  },
  {
    "platform" : "IPHONE",
    "searchTime" : "2021-09-18T14:42:01.223Z[UTC]",
    "searchQuery" : "des que",
    "searchInteractionURIs" : [
      "spotify:track:1MqT9xK56smYYOaHPqIQM8"
    ]
  },
  {
    "platform" : "IPHONE",
    "searchTime" : "2021-09-18T19:03:04.593Z[UTC]",
    "searchQuery" : "moskau",
    "searchInteractionURIs" : [
      "spotify:track:0cwEvwz7syhgHKXX1z4puc"
    ]
  },
  {
    "platform" : "IPHONE",
    "searchTime" : "2021-09-18T23:08:53.061Z[UTC]",
    "searchQuery" : "intro",
    "searchInteractionURIs" : [
      "spotify:track:2usrT8QIbIk9y0NEtQwS4j",
      "spotify:track:2usrT8QIbIk9y0NEtQwS4j"
    ]
  },
  {
    "platform" : "IPHONE",
    "searchTime" : "2021-09-19T08:41:30.684Z[UTC]",
    "searchQuery" : "original sound festivak",
    "searchInteractionURIs" : [
    ]
  },
  {
    "platform" : "IPHONE",
    "searchTime" : "2021-09-19T11:24:40.012Z[UTC]",
    "searchQuery" : "riders ",
    "searchInteractionURIs" : [
      "spotify:track:14XWXWv5FoCbFzLksawpEe"
    ]
  },
  {
    "platform" : "IPHONE",
    "searchTime" : "2021-09-19T12:27:35.362Z[UTC]",
    "searchQuery" : "nat king",
    "searchInteractionURIs" : [
      "spotify:artist:7v4imS0moSyGdXyLgVTIV7"
    ]
  },
  {
    "platform" : "IPHONE",
    "searchTime" : "2021-09-19T15:43:02.452Z[UTC]",
    "searchQuery" : "noto",
    "searchInteractionURIs" : [
      "spotify:artist:5me0Irg2ANcsgc93uaYrpb"
    ]
  },
  {
    "platform" : "IPHONE",
    "searchTime" : "2021-09-19T15:48:41.877Z[UTC]",
    "searchQuery" : "hello i lo",
    "searchInteractionURIs" : [
      "spotify:track:3bWGaqVeYKMlLss40mPgNn"
    ]
  },
  {
    "platform" : "IPHONE",
    "searchTime" : "2021-09-19T15:55:00.564Z[UTC]",
    "searchQuery" : "help",
    "searchInteractionURIs" : [
      "spotify:track:7DD7eSuYSC5xk2ArU62esN"
    ]
  },
  {
    "platform" : "IPHONE",
    "searchTime" : "2021-09-19T19:39:17.440Z[UTC]",
    "searchQuery" : "la rab",
    "searchInteractionURIs" : [
    ]
  },
  {
    "platform" : "IPHONE",
    "searchTime" : "2021-09-19T19:40:16.961Z[UTC]",
    "searchQuery" : "la tabl",
    "searchInteractionURIs" : [
      "spotify:show:53YTa4Jif1T8Wmvm3Cm7uI"
    ]
  },
  {
    "platform" : "IPHONE",
    "searchTime" : "2021-09-19T20:53:03.594Z[UTC]",
    "searchQuery" : "stan",
    "searchInteractionURIs" : [
      "spotify:track:3UmaczJpikHgJFyBTAJVoz",
      "spotify:track:3UmaczJpikHgJFyBTAJVoz"
    ]
  },
  {
    "platform" : "IPHONE",
    "searchTime" : "2021-09-19T23:19:45.721Z[UTC]",
    "searchQuery" : "intro",
    "searchInteractionURIs" : [
      "spotify:track:2usrT8QIbIk9y0NEtQwS4j"
    ]
  },
  {
    "platform" : "IPHONE",
    "searchTime" : "2021-09-20T13:14:14.790Z[UTC]",
    "searchQuery" : "911",
    "searchInteractionURIs" : [
      "spotify:track:2DOc7EJutpU8OrBHV6RABG"
    ]
  },
  {
    "platform" : "IPHONE",
    "searchTime" : "2021-09-20T13:23:11.317Z[UTC]",
    "searchQuery" : "911",
    "searchInteractionURIs" : [
    ]
  },
  {
    "platform" : "IPHONE",
    "searchTime" : "2021-09-21T21:17:12.026Z[UTC]",
    "searchQuery" : "bruan",
    "searchInteractionURIs" : [
      "spotify:track:7f9I5WdyXm5q1XqnSYgQZb"
    ]
  },
  {
    "platform" : "IPHONE",
    "searchTime" : "2021-09-22T22:52:35.782Z[UTC]",
    "searchQuery" : "the god",
    "searchInteractionURIs" : [
      "spotify:playlist:2eKes7vk9T8db8PMhY0ngi"
    ]
  },
  {
    "platform" : "IPHONE",
    "searchTime" : "2021-09-23T09:02:26.923Z[UTC]",
    "searchQuery" : "gangs",
    "searchInteractionURIs" : [
      "spotify:track:7lQWRAjyhTpCWFC0jmclT4"
    ]
  },
  {
    "platform" : "IPHONE",
    "searchTime" : "2021-09-23T14:19:23.212Z[UTC]",
    "searchQuery" : "gangs",
    "searchInteractionURIs" : [
    ]
  },
  {
    "platform" : "IPHONE",
    "searchTime" : "2021-09-25T02:30:34.627Z[UTC]",
    "searchQuery" : "nto",
    "searchInteractionURIs" : [
      "spotify:artist:7ry8L53T4oJtSIogGYuioq"
    ]
  },
  {
    "platform" : "IPHONE",
    "searchTime" : "2021-09-25T02:30:54.375Z[UTC]",
    "searchQuery" : "joachim",
    "searchInteractionURIs" : [
      "spotify:artist:6eNOjuJSfKkAvbiGW90AkZ"
    ]
  },
  {
    "platform" : "IPHONE",
    "searchTime" : "2021-09-26T10:03:49.969Z[UTC]",
    "searchQuery" : "sweet c",
    "searchInteractionURIs" : [
      "spotify:track:62AuGbAkt8Ox2IrFFb8GKV"
    ]
  },
  {
    "platform" : "IPHONE",
    "searchTime" : "2021-09-26T19:47:28.578Z[UTC]",
    "searchQuery" : "shine",
    "searchInteractionURIs" : [
      "spotify:track:32dnKMni3I3gwUbWp4mi45",
      "spotify:track:2YMN5C5XDSsqCHSoJIbOzj"
    ]
  },
  {
    "platform" : "IPHONE",
    "searchTime" : "2021-09-26T20:29:57.253Z[UTC]",
    "searchQuery" : "connaissez ",
    "searchInteractionURIs" : [
      "spotify:show:1CWPsIjU1VknI8Jh35QWbz",
      "spotify:show:1CWPsIjU1VknI8Jh35QWbz"
    ]
  },
  {
    "platform" : "IPHONE",
    "searchTime" : "2021-09-26T20:31:40.364Z[UTC]",
    "searchQuery" : "floo",
    "searchInteractionURIs" : [
      "spotify:show:0bmWonDp36VG0OpSYJwJHr"
    ]
  },
  {
    "platform" : "IPHONE",
    "searchTime" : "2021-09-26T20:34:23.049Z[UTC]",
    "searchQuery" : "frank ferran",
    "searchInteractionURIs" : [
      "spotify:show:7jnLZZBMMGb03Xki2J02op"
    ]
  },
  {
    "platform" : "IPHONE",
    "searchTime" : "2021-09-26T20:37:49.784Z[UTC]",
    "searchQuery" : "la veill",
    "searchInteractionURIs" : [
      "spotify:show:1M6Y7uAUlvjcOCohI0smq3"
    ]
  },
  {
    "platform" : "IPHONE",
    "searchTime" : "2021-09-26T21:26:14.247Z[UTC]",
    "searchQuery" : "shine on",
    "searchInteractionURIs" : [
      "spotify:track:32dnKMni3I3gwUbWp4mi45",
      "spotify:track:32dnKMni3I3gwUbWp4mi45"
    ]
  },
  {
    "platform" : "IPHONE",
    "searchTime" : "2021-09-26T22:02:03.085Z[UTC]",
    "searchQuery" : "lil n",
    "searchInteractionURIs" : [
      "spotify:artist:7jVv8c5Fj3E9VhNjxT4snq"
    ]
  },
  {
    "platform" : "IPHONE",
    "searchTime" : "2021-09-27T07:20:01.862Z[UTC]",
    "searchQuery" : "jili hzndriw",
    "searchInteractionURIs" : [
    ]
  },
  {
    "platform" : "IPHONE",
    "searchTime" : "2021-09-27T07:20:11.903Z[UTC]",
    "searchQuery" : "bold a",
    "searchInteractionURIs" : [
      "spotify:track:0uco0wQkB909zpPlHvu5Cc"
    ]
  },
  {
    "platform" : "IPHONE",
    "searchTime" : "2021-09-27T22:54:06.973Z[UTC]",
    "searchQuery" : "505",
    "searchInteractionURIs" : [
      "spotify:track:0BxE4FqsDD1Ot4YuBXwAPp"
    ]
  },
  {
    "platform" : "IPHONE",
    "searchTime" : "2021-09-27T23:20:50.266Z[UTC]",
    "searchQuery" : "chances",
    "searchInteractionURIs" : [
      "spotify:track:718purgMpFb2Axhuz0Hbq1"
    ]
  },
  {
    "platform" : "IPHONE",
    "searchTime" : "2021-09-29T09:51:28.273Z[UTC]",
    "searchQuery" : "tragedy",
    "searchInteractionURIs" : [
      "spotify:track:6UXXeFqMBGiqjkzQzkMT3E",
      "spotify:track:6UXXeFqMBGiqjkzQzkMT3E",
      "spotify:track:6UXXeFqMBGiqjkzQzkMT3E",
      "spotify:track:6UXXeFqMBGiqjkzQzkMT3E"
    ]
  },
  {
    "platform" : "IPHONE",
    "searchTime" : "2021-09-29T13:24:01.053Z[UTC]",
    "searchQuery" : "san fr",
    "searchInteractionURIs" : [
    ]
  },
  {
    "platform" : "IPHONE",
    "searchTime" : "2021-09-29T13:24:14.925Z[UTC]",
    "searchQuery" : "if you’re going to",
    "searchInteractionURIs" : [
      "spotify:track:6vcNJUWtUPB0hKC6VbZriY"
    ]
  },
  {
    "platform" : "IPHONE",
    "searchTime" : "2021-09-29T13:24:51.387Z[UTC]",
    "searchQuery" : "mosk",
    "searchInteractionURIs" : [
      "spotify:track:0cwEvwz7syhgHKXX1z4puc",
      "spotify:track:0cwEvwz7syhgHKXX1z4puc"
    ]
  },
  {
    "platform" : "IPHONE",
    "searchTime" : "2021-09-29T13:29:26.890Z[UTC]",
    "searchQuery" : "the bea",
    "searchInteractionURIs" : [
      "spotify:artist:3WrFJ7ztbogyGnTHbHJFl2"
    ]
  },
  {
    "platform" : "IPHONE",
    "searchTime" : "2021-09-29T17:45:10.991Z[UTC]",
    "searchQuery" : "tragedy",
    "searchInteractionURIs" : [
      "spotify:track:6UXXeFqMBGiqjkzQzkMT3E"
    ]
  },
  {
    "platform" : "IPHONE",
    "searchTime" : "2021-09-29T17:47:08.886Z[UTC]",
    "searchQuery" : "razor",
    "searchInteractionURIs" : [
      "spotify:track:4UF1eupXP9Zz5GpYepyOxI"
    ]
  },
  {
    "platform" : "IPHONE",
    "searchTime" : "2021-09-29T20:38:07.955Z[UTC]",
    "searchQuery" : "interpol",
    "searchInteractionURIs" : [
      "spotify:artist:3WaJSfKnzc65VDgmj2zU8B"
    ]
  },
  {
    "platform" : "IPHONE",
    "searchTime" : "2021-09-30T08:58:52.497Z[UTC]",
    "searchQuery" : "meet me ",
    "searchInteractionURIs" : [
      "spotify:track:07MDkzWARZaLEdKxo6yArG",
      "spotify:track:52kFghf48VKTtYMWEljdL6"
    ]
  },
  {
    "platform" : "IPHONE",
    "searchTime" : "2021-09-30T09:01:50.255Z[UTC]",
    "searchQuery" : "it’",
    "searchInteractionURIs" : [
      "spotify:track:1Pq47iFLC5U7j8xeNiNcuS"
    ]
  },
  {
    "platform" : "IPHONE",
    "searchTime" : "2021-09-30T10:55:17.464Z[UTC]",
    "searchQuery" : "trag",
    "searchInteractionURIs" : [
      "spotify:track:6UXXeFqMBGiqjkzQzkMT3E"
    ]
  },
  {
    "platform" : "IPHONE",
    "searchTime" : "2021-09-30T11:07:31.521Z[UTC]",
    "searchQuery" : "etz",
    "searchInteractionURIs" : [
      "spotify:track:1p9dxTMtG4gZpLp7yzvT54"
    ]
  },
  {
    "platform" : "IPHONE",
    "searchTime" : "2021-09-30T20:10:17.697Z[UTC]",
    "searchQuery" : "lrish banher",
    "searchInteractionURIs" : [
      "spotify:track:5gxc4MLtCws4DDkkmSYBlc"
    ]
  },
  {
    "platform" : "IPHONE",
    "searchTime" : "2021-09-30T22:44:40.681Z[UTC]",
    "searchQuery" : "wildest",
    "searchInteractionURIs" : [
      "spotify:track:1Ov37jtRQ2YNAe8HzfczkL",
      "spotify:track:3fVnlF4pGqWI9flVENcT28",
      "spotify:track:3fVnlF4pGqWI9flVENcT28",
      "spotify:track:1Ov37jtRQ2YNAe8HzfczkL"
    ]
  },
  {
    "platform" : "IPHONE",
    "searchTime" : "2021-09-30T23:04:35.540Z[UTC]",
    "searchQuery" : "sufh",
    "searchInteractionURIs" : [
      "spotify:artist:4MXUO7sVCaFgFjoTI5ox5c"
    ]
  },
  {
    "platform" : "IPHONE",
    "searchTime" : "2021-10-02T10:20:09.289Z[UTC]",
    "searchQuery" : "l’im",
    "searchInteractionURIs" : [
      "spotify:artist:4PwlsrN0t5mLN0C827cbEU"
    ]
  },
  {
    "platform" : "IPHONE",
    "searchTime" : "2021-10-02T18:21:21.852Z[UTC]",
    "searchQuery" : "mad s",
    "searchInteractionURIs" : [
      "spotify:track:75n7mraeMycQOl2sDGYaTe"
    ]
  },
  {
    "platform" : "IPHONE",
    "searchTime" : "2021-10-03T07:56:44.129Z[UTC]",
    "searchQuery" : "bordee",
    "searchInteractionURIs" : [
      "spotify:track:5hM5arv9KDbCHS0k9uqwjr"
    ]
  },
  {
    "platform" : "IPHONE",
    "searchTime" : "2021-10-03T15:19:50.364Z[UTC]",
    "searchQuery" : "kolinga",
    "searchInteractionURIs" : [
      "spotify:artist:1l4wo8qR1qvFN8aym2xmDM"
    ]
  },
  {
    "platform" : "IPHONE",
    "searchTime" : "2021-10-03T15:28:17.855Z[UTC]",
    "searchQuery" : "el miazzan",
    "searchInteractionURIs" : [
    ]
  },
  {
    "platform" : "IPHONE",
    "searchTime" : "2021-10-03T15:28:36.410Z[UTC]",
    "searchQuery" : "tetra",
    "searchInteractionURIs" : [
      "spotify:artist:1WQU2IzBLUDasXeZBtSVA3"
    ]
  },
  {
    "platform" : "IPHONE",
    "searchTime" : "2021-10-03T16:04:07.174Z[UTC]",
    "searchQuery" : "gipsy tonic",
    "searchInteractionURIs" : [
    ]
  },
  {
    "platform" : "IPHONE",
    "searchTime" : "2021-10-03T16:05:18.166Z[UTC]",
    "searchQuery" : "c",
    "searchInteractionURIs" : [
    ]
  },
  {
    "platform" : "IPHONE",
    "searchTime" : "2021-10-03T16:06:01.691Z[UTC]",
    "searchQuery" : "camilla sparkss",
    "searchInteractionURIs" : [
      "spotify:artist:5RxUFk1D177dFGqFOUh2rg"
    ]
  },
  {
    "platform" : "IPHONE",
    "searchTime" : "2021-10-03T16:21:20.286Z[UTC]",
    "searchQuery" : "french",
    "searchInteractionURIs" : [
      "spotify:artist:6MJKlN8ya42Agsw3iQZs6e",
      "spotify:artist:6MJKlN8ya42Agsw3iQZs6e"
    ]
  },
  {
    "platform" : "IPHONE",
    "searchTime" : "2021-10-03T17:46:20.149Z[UTC]",
    "searchQuery" : "french",
    "searchInteractionURIs" : [
    ]
  },
  {
    "platform" : "IPHONE",
    "searchTime" : "2021-10-03T18:01:36.270Z[UTC]",
    "searchQuery" : "french",
    "searchInteractionURIs" : [
    ]
  },
  {
    "platform" : "IPHONE",
    "searchTime" : "2021-10-04T05:40:39.258Z[UTC]",
    "searchQuery" : "see the",
    "searchInteractionURIs" : [
      "spotify:track:0GENETcbBO2yCnk2nO8S9a",
      "spotify:track:0GENETcbBO2yCnk2nO8S9a"
    ]
  },
  {
    "platform" : "IPHONE",
    "searchTime" : "2021-10-04T06:11:57.262Z[UTC]",
    "searchQuery" : "see the",
    "searchInteractionURIs" : [
    ]
  },
  {
    "platform" : "IPHONE",
    "searchTime" : "2021-10-04T20:13:28.185Z[UTC]",
    "searchQuery" : "consol",
    "searchInteractionURIs" : [
      "spotify:track:5yakRZmZ20eaZ1J4nDgQhN"
    ]
  },
  {
    "platform" : "IPHONE",
    "searchTime" : "2021-10-05T20:09:03.912Z[UTC]",
    "searchQuery" : "upsi",
    "searchInteractionURIs" : [
      "spotify:track:0aJrYfARfCKzv6gXjhs4SZ"
    ]
  },
  {
    "platform" : "IPHONE",
    "searchTime" : "2021-10-06T09:06:03.460Z[UTC]",
    "searchQuery" : "driving home",
    "searchInteractionURIs" : [
      "spotify:track:3Z3QhZAZpqwZa1phsbQ3JZ"
    ]
  },
  {
    "platform" : "IPHONE",
    "searchTime" : "2021-10-08T06:04:23.652Z[UTC]",
    "searchQuery" : "thevs",
    "searchInteractionURIs" : [
    ]
  },
  {
    "platform" : "IPHONE",
    "searchTime" : "2021-10-08T06:06:30.272Z[UTC]",
    "searchQuery" : "the sun",
    "searchInteractionURIs" : [
      "spotify:track:2hhVlIZmGEGfNeVIYnMUAG",
      "spotify:track:2hhVlIZmGEGfNeVIYnMUAG"
    ]
  },
  {
    "platform" : "IPHONE",
    "searchTime" : "2021-10-08T13:00:21.751Z[UTC]",
    "searchQuery" : "wood",
    "searchInteractionURIs" : [
      "spotify:artist:44TGR1CzjKBxSHsSEy7bi9"
    ]
  },
  {
    "platform" : "IPHONE",
    "searchTime" : "2021-10-09T09:32:47.239Z[UTC]",
    "searchQuery" : "sw",
    "searchInteractionURIs" : [
      "spotify:track:6hIOunhsLUT66KQgZV5dMD"
    ]
  },
  {
    "platform" : "IPHONE",
    "searchTime" : "2021-10-09T17:34:14.831Z[UTC]",
    "searchQuery" : "the sun",
    "searchInteractionURIs" : [
      "spotify:track:2hhVlIZmGEGfNeVIYnMUAG"
    ]
  },
  {
    "platform" : "IPHONE",
    "searchTime" : "2021-10-10T10:30:27.709Z[UTC]",
    "searchQuery" : "te",
    "searchInteractionURIs" : [
    ]
  },
  {
    "platform" : "IPHONE",
    "searchTime" : "2021-10-11T20:42:09.739Z[UTC]",
    "searchQuery" : "if you wanna",
    "searchInteractionURIs" : [
      "spotify:track:6Ca3uEAuun3HusTUiIXKs1",
      "spotify:track:6Ca3uEAuun3HusTUiIXKs1"
    ]
  },
  {
    "platform" : "IPHONE",
    "searchTime" : "2021-10-11T22:04:44.595Z[UTC]",
    "searchQuery" : "willow",
    "searchInteractionURIs" : [
      "spotify:artist:3rWZHrfrsPBxVy692yAIxF"
    ]
  },
  {
    "platform" : "IPHONE",
    "searchTime" : "2021-10-11T22:19:31.824Z[UTC]",
    "searchQuery" : "fire",
    "searchInteractionURIs" : [
      "spotify:track:3DamFFqW32WihKkTVlwTYQ"
    ]
  },
  {
    "platform" : "IPHONE",
    "searchTime" : "2021-10-11T22:27:17.222Z[UTC]",
    "searchQuery" : "tee",
    "searchInteractionURIs" : [
      "spotify:track:55qBw1900pZKfXJ6Q9A2Lc"
    ]
  },
  {
    "platform" : "IPHONE",
    "searchTime" : "2021-10-12T07:02:54.929Z[UTC]",
    "searchQuery" : "this is king",
    "searchInteractionURIs" : [
      "spotify:playlist:37i9dQZF1DX9tbMqfj9NVZ"
    ]
  },
  {
    "platform" : "IPHONE",
    "searchTime" : "2021-10-12T17:52:25.033Z[UTC]",
    "searchQuery" : "hide",
    "searchInteractionURIs" : [
      "spotify:track:7z5R6cbZpB4njz080aA6u2",
      "spotify:track:7z5R6cbZpB4njz080aA6u2"
    ]
  },
  {
    "platform" : "IPHONE",
    "searchTime" : "2021-10-12T23:38:09.930Z[UTC]",
    "searchQuery" : "look at all the lonely",
    "searchInteractionURIs" : [
      "spotify:track:6EOKwO6WaLal58MSsi6U4W"
    ]
  },
  {
    "platform" : "IPHONE",
    "searchTime" : "2021-10-13T07:11:58.891Z[UTC]",
    "searchQuery" : "but i went out",
    "searchInteractionURIs" : [
      "spotify:track:3z06k8YF9CqX0CGFrlekOK"
    ]
  },
  {
    "platform" : "IPHONE",
    "searchTime" : "2021-10-13T08:03:16.460Z[UTC]",
    "searchQuery" : "feen",
    "searchInteractionURIs" : [
    ]
  },
  {
    "platform" : "IPHONE",
    "searchTime" : "2021-10-13T08:03:28.230Z[UTC]",
    "searchQuery" : "the wx",
    "searchInteractionURIs" : [
      "spotify:artist:3iOvXCl6edW5Um0fXEBRXy"
    ]
  },
  {
    "platform" : "IPHONE",
    "searchTime" : "2021-10-13T08:57:18.205Z[UTC]",
    "searchQuery" : "parcels",
    "searchInteractionURIs" : [
      "spotify:artist:3oKRxpszQKUjjaHz388fVA"
    ]
  },
  {
    "platform" : "IPHONE",
    "searchTime" : "2021-10-13T12:20:44.868Z[UTC]",
    "searchQuery" : "aurora",
    "searchInteractionURIs" : [
      "spotify:artist:1WgXqy2Dd70QQOU7Ay074N"
    ]
  },
  {
    "platform" : "IPHONE",
    "searchTime" : "2021-10-13T17:15:42.551Z[UTC]",
    "searchQuery" : "pione",
    "searchInteractionURIs" : [
      "spotify:track:7cxS70ulR0lD2xi7lDRcmw"
    ]
  },
  {
    "platform" : "IPHONE",
    "searchTime" : "2021-10-13T17:47:14.810Z[UTC]",
    "searchQuery" : "this is u",
    "searchInteractionURIs" : [
      "spotify:playlist:37i9dQZF1DX8kI525v95Yu"
    ]
  },
  {
    "platform" : "IPHONE",
    "searchTime" : "2021-10-13T21:44:31.058Z[UTC]",
    "searchQuery" : "kid c",
    "searchInteractionURIs" : [
      "spotify:artist:0fA0VVWsXO9YnASrzqfmYu"
    ]
  },
  {
    "platform" : "IPHONE",
    "searchTime" : "2021-10-13T22:19:14.422Z[UTC]",
    "searchQuery" : "kid c",
    "searchInteractionURIs" : [
    ]
  },
  {
    "platform" : "IPHONE",
    "searchTime" : "2021-10-14T06:59:23.887Z[UTC]",
    "searchQuery" : "flo",
    "searchInteractionURIs" : [
      "spotify:show:0bmWonDp36VG0OpSYJwJHr"
    ]
  },
  {
    "platform" : "IPHONE",
    "searchTime" : "2021-10-15T05:44:24.057Z[UTC]",
    "searchQuery" : "more",
    "searchInteractionURIs" : [
      "spotify:track:2cX2coZS1PYBfPs8wgbdWE"
    ]
  },
  {
    "platform" : "IPHONE",
    "searchTime" : "2021-10-15T10:38:39.582Z[UTC]",
    "searchQuery" : "shine on",
    "searchInteractionURIs" : [
      "spotify:track:32dnKMni3I3gwUbWp4mi45"
    ]
  },
  {
    "platform" : "IPHONE",
    "searchTime" : "2021-10-15T14:09:28.682Z[UTC]",
    "searchQuery" : "french 79 gno",
    "searchInteractionURIs" : [
    ]
  },
  {
    "platform" : "IPHONE",
    "searchTime" : "2021-10-15T14:15:08.787Z[UTC]",
    "searchQuery" : "french 79 gno",
    "searchInteractionURIs" : [
    ]
  },
  {
    "platform" : "IPHONE",
    "searchTime" : "2021-10-15T14:24:04.279Z[UTC]",
    "searchQuery" : "french 79 gno",
    "searchInteractionURIs" : [
    ]
  },
  {
    "platform" : "IPHONE",
    "searchTime" : "2021-10-15T14:28:18.162Z[UTC]",
    "searchQuery" : "shine on you crazy",
    "searchInteractionURIs" : [
      "spotify:track:32dnKMni3I3gwUbWp4mi45"
    ]
  },
  {
    "platform" : "IPHONE",
    "searchTime" : "2021-10-15T14:34:55.417Z[UTC]",
    "searchQuery" : "shine on you crazy",
    "searchInteractionURIs" : [
    ]
  },
  {
    "platform" : "IPHONE",
    "searchTime" : "2021-10-15T14:37:40.772Z[UTC]",
    "searchQuery" : "shine on you crazy",
    "searchInteractionURIs" : [
    ]
  },
  {
    "platform" : "IPHONE",
    "searchTime" : "2021-10-15T14:39:41.033Z[UTC]",
    "searchQuery" : "shine on you crazy",
    "searchInteractionURIs" : [
    ]
  },
  {
    "platform" : "IPHONE",
    "searchTime" : "2021-10-15T14:43:44.375Z[UTC]",
    "searchQuery" : "shine on you crazy",
    "searchInteractionURIs" : [
      "spotify:track:32dnKMni3I3gwUbWp4mi45"
    ]
  },
  {
    "platform" : "IPHONE",
    "searchTime" : "2021-10-15T14:58:46.066Z[UTC]",
    "searchQuery" : "shine on you crazy",
    "searchInteractionURIs" : [
    ]
  },
  {
    "platform" : "IPHONE",
    "searchTime" : "2021-10-15T15:04:19.043Z[UTC]",
    "searchQuery" : "teenage dream",
    "searchInteractionURIs" : [
      "spotify:track:55qBw1900pZKfXJ6Q9A2Lc"
    ]
  },
  {
    "platform" : "IPHONE",
    "searchTime" : "2021-10-15T15:18:25.072Z[UTC]",
    "searchQuery" : "teenage dream",
    "searchInteractionURIs" : [
    ]
  },
  {
    "platform" : "IPHONE",
    "searchTime" : "2021-10-15T15:26:53.693Z[UTC]",
    "searchQuery" : "teenage dream",
    "searchInteractionURIs" : [
    ]
  },
  {
    "platform" : "IPHONE",
    "searchTime" : "2021-10-15T15:27:42.426Z[UTC]",
    "searchQuery" : "teenage dream",
    "searchInteractionURIs" : [
    ]
  },
  {
    "platform" : "IPHONE",
    "searchTime" : "2021-10-15T15:32:30.417Z[UTC]",
    "searchQuery" : "teenage dream",
    "searchInteractionURIs" : [
    ]
  },
  {
    "platform" : "IPHONE",
    "searchTime" : "2021-10-15T22:40:24.028Z[UTC]",
    "searchQuery" : "hey moo",
    "searchInteractionURIs" : [
      "spotify:track:2NJGAT43AvS7BQvn2017yS",
      "spotify:track:2NJGAT43AvS7BQvn2017yS"
    ]
  },
  {
    "platform" : "IPHONE",
    "searchTime" : "2021-10-15T22:51:48.944Z[UTC]",
    "searchQuery" : "erik",
    "searchInteractionURIs" : [
      "spotify:artist:459INk8vcC0ebEef82WjIK"
    ]
  },
  {
    "platform" : "IPHONE",
    "searchTime" : "2021-10-16T06:44:33.365Z[UTC]",
    "searchQuery" : "eleanor",
    "searchInteractionURIs" : [
      "spotify:track:62P3CMQAknHW4iftsBD41Y"
    ]
  },
  {
    "platform" : "IPHONE",
    "searchTime" : "2021-10-16T07:09:37.535Z[UTC]",
    "searchQuery" : "p!",
    "searchInteractionURIs" : [
      "spotify:artist:1KCSPY1glIKqW2TotWuXOR"
    ]
  },
  {
    "platform" : "IPHONE",
    "searchTime" : "2021-10-16T07:10:03.286Z[UTC]",
    "searchQuery" : "Ildes",
    "searchInteractionURIs" : [
      "spotify:track:1Ov37jtRQ2YNAe8HzfczkL",
      "spotify:track:3fVnlF4pGqWI9flVENcT28"
    ]
  },
  {
    "platform" : "IPHONE",
    "searchTime" : "2021-10-17T09:42:38.352Z[UTC]",
    "searchQuery" : "versi",
    "searchInteractionURIs" : [
      "spotify:artist:1JOQXgYdQV2yfrhewqx96o"
    ]
  },
  {
    "platform" : "IPHONE",
    "searchTime" : "2021-10-17T14:06:20.875Z[UTC]",
    "searchQuery" : "lemon",
    "searchInteractionURIs" : [
      "spotify:track:4fXGWiVhlOLdhwRDP6pIFG"
    ]
  },
  {
    "platform" : "IPHONE",
    "searchTime" : "2021-10-17T14:09:50.868Z[UTC]",
    "searchQuery" : "won",
    "searchInteractionURIs" : [
      "spotify:track:1qPbGZqppFwLwcBC1JQ6Vr"
    ]
  },
  {
    "platform" : "IPHONE",
    "searchTime" : "2021-10-17T14:46:07.988Z[UTC]",
    "searchQuery" : "wonder",
    "searchInteractionURIs" : [
      "spotify:track:1qCQTy0fTXerET4x8VHyr9"
    ]
  },
  {
    "platform" : "IPHONE",
    "searchTime" : "2021-10-17T14:49:04.720Z[UTC]",
    "searchQuery" : "more th",
    "searchInteractionURIs" : [
      "spotify:track:2cX2coZS1PYBfPs8wgbdWE"
    ]
  },
  {
    "platform" : "IPHONE",
    "searchTime" : "2021-10-17T15:19:32.953Z[UTC]",
    "searchQuery" : "shine on",
    "searchInteractionURIs" : [
      "spotify:track:32dnKMni3I3gwUbWp4mi45"
    ]
  },
  {
    "platform" : "IPHONE",
    "searchTime" : "2021-10-17T18:07:09.664Z[UTC]",
    "searchQuery" : "wood",
    "searchInteractionURIs" : [
      "spotify:track:19VTLxYPvCyYpAWxsfj3ir",
      "spotify:track:6y8q2HoYk1IczJGeAUjH5r"
    ]
  },
  {
    "platform" : "IPHONE",
    "searchTime" : "2021-10-17T18:12:17.948Z[UTC]",
    "searchQuery" : "wood",
    "searchInteractionURIs" : [
    ]
  },
  {
    "platform" : "IPHONE",
    "searchTime" : "2021-10-17T18:20:09.176Z[UTC]",
    "searchQuery" : "wood",
    "searchInteractionURIs" : [
    ]
  },
  {
    "platform" : "IPHONE",
    "searchTime" : "2021-10-17T18:21:23.569Z[UTC]",
    "searchQuery" : "wood",
    "searchInteractionURIs" : [
    ]
  },
  {
    "platform" : "IPHONE",
    "searchTime" : "2021-10-17T18:31:36.541Z[UTC]",
    "searchQuery" : "wood",
    "searchInteractionURIs" : [
    ]
  },
  {
    "platform" : "IPHONE",
    "searchTime" : "2021-10-17T18:37:37.114Z[UTC]",
    "searchQuery" : "wood",
    "searchInteractionURIs" : [
      "spotify:track:19VTLxYPvCyYpAWxsfj3ir"
    ]
  },
  {
    "platform" : "IPHONE",
    "searchTime" : "2021-10-17T18:56:27.455Z[UTC]",
    "searchQuery" : "wood",
    "searchInteractionURIs" : [
    ]
  },
  {
    "platform" : "IPHONE",
    "searchTime" : "2021-10-17T19:12:20.206Z[UTC]",
    "searchQuery" : "wood",
    "searchInteractionURIs" : [
    ]
  },
  {
    "platform" : "IPHONE",
    "searchTime" : "2021-10-17T19:31:40.287Z[UTC]",
    "searchQuery" : "fkj",
    "searchInteractionURIs" : [
      "spotify:artist:2FwDTncULUnmANIh7qKa5z"
    ]
  },
  {
    "platform" : "IPHONE",
    "searchTime" : "2021-10-17T22:11:24.577Z[UTC]",
    "searchQuery" : "robert",
    "searchInteractionURIs" : [
      "spotify:artist:0f8MDDzIc6M4uH1xH0o0gy"
    ]
  },
  {
    "platform" : "IPHONE",
    "searchTime" : "2021-10-18T19:54:55.792Z[UTC]",
    "searchQuery" : "house o",
    "searchInteractionURIs" : [
    ]
  },
  {
    "platform" : "IPHONE",
    "searchTime" : "2021-10-18T20:21:54.895Z[UTC]",
    "searchQuery" : "where is",
    "searchInteractionURIs" : [
      "spotify:track:7wCmS9TTVUcIhRalDYFgPy"
    ]
  },
  {
    "platform" : "IPHONE",
    "searchTime" : "2021-10-18T20:37:39.458Z[UTC]",
    "searchQuery" : "meet",
    "searchInteractionURIs" : [
      "spotify:track:07MDkzWARZaLEdKxo6yArG"
    ]
  },
  {
    "platform" : "IPHONE",
    "searchTime" : "2021-10-19T20:46:01.897Z[UTC]",
    "searchQuery" : "the stroke",
    "searchInteractionURIs" : [
      "spotify:artist:0epOFNiUfyON9EYx7Tpr6V"
    ]
  },
  {
    "platform" : "IPHONE",
    "searchTime" : "2021-10-21T06:59:37.113Z[UTC]",
    "searchQuery" : "hideout",
    "searchInteractionURIs" : [
      "spotify:track:7z5R6cbZpB4njz080aA6u2",
      "spotify:track:7z5R6cbZpB4njz080aA6u2"
    ]
  },
  {
    "platform" : "IPHONE",
    "searchTime" : "2021-10-21T07:11:00.527Z[UTC]",
    "searchQuery" : "alvv",
    "searchInteractionURIs" : [
      "spotify:artist:3kzwYV3OCB010YfXMF0Avt"
    ]
  },
  {
    "platform" : "IPHONE",
    "searchTime" : "2021-10-22T06:03:16.613Z[UTC]",
    "searchQuery" : "mucha",
    "searchInteractionURIs" : [
      "spotify:track:0Gu3ftWoA5mdwcAjMvLFG9"
    ]
  },
  {
    "platform" : "IPHONE",
    "searchTime" : "2021-10-23T11:33:14.260Z[UTC]",
    "searchQuery" : "the weekend",
    "searchInteractionURIs" : [
      "spotify:artist:1Xyo4u8uXC1ZmMpatF05PJ"
    ]
  },
  {
    "platform" : "IPHONE",
    "searchTime" : "2021-10-23T11:33:23.998Z[UTC]",
    "searchQuery" : "Swedish",
    "searchInteractionURIs" : [
      "spotify:artist:1h6Cn3P4NGzXbaXidqURXs"
    ]
  },
  {
    "platform" : "IPHONE",
    "searchTime" : "2021-10-23T11:33:58.588Z[UTC]",
    "searchQuery" : "the wee",
    "searchInteractionURIs" : [
      "spotify:artist:1Xyo4u8uXC1ZmMpatF05PJ"
    ]
  },
  {
    "platform" : "IPHONE",
    "searchTime" : "2021-10-23T18:55:08.533Z[UTC]",
    "searchQuery" : "bon jov",
    "searchInteractionURIs" : [
      "spotify:artist:58lV9VcRSjABbAbfWS6skp"
    ]
  },
  {
    "platform" : "IPHONE",
    "searchTime" : "2021-10-24T13:26:36.147Z[UTC]",
    "searchQuery" : "flood",
    "searchInteractionURIs" : [
      "spotify:show:0bmWonDp36VG0OpSYJwJHr"
    ]
  },
  {
    "platform" : "IPHONE",
    "searchTime" : "2021-10-25T12:03:31.049Z[UTC]",
    "searchQuery" : "jack frost",
    "searchInteractionURIs" : [
      "spotify:playlist:4dPJJAwtZAiT9IExnLywsb"
    ]
  },
  {
    "platform" : "IPHONE",
    "searchTime" : "2021-10-26T14:05:54.665Z[UTC]",
    "searchQuery" : "the xx",
    "searchInteractionURIs" : [
      "spotify:artist:3iOvXCl6edW5Um0fXEBRXy"
    ]
  },
  {
    "platform" : "IPHONE",
    "searchTime" : "2021-10-27T10:42:42.503Z[UTC]",
    "searchQuery" : "ode",
    "searchInteractionURIs" : [
      "spotify:track:1BLOVHYYlH4JUHQGcpt75R",
      "spotify:track:6WZjjf4mKurHPC5BhdGwet"
    ]
  },
  {
    "platform" : "IPHONE",
    "searchTime" : "2021-10-27T11:14:55.947Z[UTC]",
    "searchQuery" : "ode",
    "searchInteractionURIs" : [
    ]
  },
  {
    "platform" : "IPHONE",
    "searchTime" : "2021-10-30T13:37:29.170Z[UTC]",
    "searchQuery" : "my litt",
    "searchInteractionURIs" : [
      "spotify:track:2Y0iGXY6m6immVb2ktbseM"
    ]
  },
  {
    "platform" : "IPHONE",
    "searchTime" : "2021-10-30T16:18:42.295Z[UTC]",
    "searchQuery" : "the office",
    "searchInteractionURIs" : [
      "spotify:track:5NUCLgfK7d3zJeOJN0hZIv",
      "spotify:playlist:0YKfXGKGWa6WVloCH53ADz"
    ]
  },
  {
    "platform" : "IPHONE",
    "searchTime" : "2021-10-31T23:04:44.492Z[UTC]",
    "searchQuery" : "zephy",
    "searchInteractionURIs" : [
      "spotify:track:1ndGB6rvxKYN9seCYO1dTF"
    ]
  },
  {
    "platform" : "IPHONE",
    "searchTime" : "2021-10-31T23:04:47.101Z[UTC]",
    "searchQuery" : "zephyr",
    "searchInteractionURIs" : [
      "spotify:track:1ndGB6rvxKYN9seCYO1dTF"
    ]
  },
  {
    "platform" : "IPHONE",
    "searchTime" : "2021-11-01T08:10:25.556Z[UTC]",
    "searchQuery" : "amste",
    "searchInteractionURIs" : [
      "spotify:track:39eqOHMUw2e4EYkFTUcQ9t"
    ]
  },
  {
    "platform" : "IPHONE",
    "searchTime" : "2021-11-02T21:33:19.871Z[UTC]",
    "searchQuery" : "amste",
    "searchInteractionURIs" : [
    ]
  },
  {
    "platform" : "IPHONE",
    "searchTime" : "2021-11-03T20:51:38.479Z[UTC]",
    "searchQuery" : "f",
    "searchInteractionURIs" : [
    ]
  },
  {
    "platform" : "IPHONE",
    "searchTime" : "2021-11-03T21:25:46.770Z[UTC]",
    "searchQuery" : "shine on",
    "searchInteractionURIs" : [
      "spotify:track:32dnKMni3I3gwUbWp4mi45"
    ]
  },
  {
    "platform" : "IPHONE",
    "searchTime" : "2021-11-05T10:46:34.294Z[UTC]",
    "searchQuery" : "shine",
    "searchInteractionURIs" : [
      "spotify:track:32dnKMni3I3gwUbWp4mi45"
    ]
  },
  {
    "platform" : "IPHONE",
    "searchTime" : "2021-11-05T12:37:17.636Z[UTC]",
    "searchQuery" : "younger tha",
    "searchInteractionURIs" : [
    ]
  },
  {
    "platform" : "IPHONE",
    "searchTime" : "2021-11-05T13:13:33.769Z[UTC]",
    "searchQuery" : "alvvay",
    "searchInteractionURIs" : [
    ]
  },
  {
    "platform" : "IPHONE",
    "searchTime" : "2021-11-05T13:27:20.200Z[UTC]",
    "searchQuery" : "alvvay",
    "searchInteractionURIs" : [
    ]
  },
  {
    "platform" : "IPHONE",
    "searchTime" : "2021-11-05T14:31:29.187Z[UTC]",
    "searchQuery" : "alvvay",
    "searchInteractionURIs" : [
    ]
  },
  {
    "platform" : "IPHONE",
    "searchTime" : "2021-11-05T15:19:51.066Z[UTC]",
    "searchQuery" : "kings of le",
    "searchInteractionURIs" : [
    ]
  },
  {
    "platform" : "IPHONE",
    "searchTime" : "2021-11-05T17:27:30.395Z[UTC]",
    "searchQuery" : "kings of le",
    "searchInteractionURIs" : [
    ]
  },
  {
    "platform" : "IPHONE",
    "searchTime" : "2021-11-05T17:35:20.731Z[UTC]",
    "searchQuery" : "kings of le",
    "searchInteractionURIs" : [
    ]
  },
  {
    "platform" : "IPHONE",
    "searchTime" : "2021-11-06T09:26:47.460Z[UTC]",
    "searchQuery" : "classico",
    "searchInteractionURIs" : [
      "spotify:artist:791x09Ix1mNc1hGhbD7IOW"
    ]
  },
  {
    "platform" : "IPHONE",
    "searchTime" : "2021-11-08T12:55:23.304Z[UTC]",
    "searchQuery" : "this is ph",
    "searchInteractionURIs" : [
      "spotify:playlist:37i9dQZF1DXauSRu0mFos4"
    ]
  },
  {
    "platform" : "IPHONE",
    "searchTime" : "2021-11-08T22:31:13.667Z[UTC]",
    "searchQuery" : "just the",
    "searchInteractionURIs" : [
      "spotify:track:1ko2lVN0vKGUl9zrU0qSlT",
      "spotify:track:1ko2lVN0vKGUl9zrU0qSlT"
    ]
  },
  {
    "platform" : "IPHONE",
    "searchTime" : "2021-11-09T08:11:39.544Z[UTC]",
    "searchQuery" : "just the",
    "searchInteractionURIs" : [
    ]
  },
  {
    "platform" : "IPHONE",
    "searchTime" : "2021-11-09T19:09:12.394Z[UTC]",
    "searchQuery" : "just the",
    "searchInteractionURIs" : [
    ]
  },
  {
    "platform" : "IPHONE",
    "searchTime" : "2021-11-09T22:44:06.938Z[UTC]",
    "searchQuery" : "cassia",
    "searchInteractionURIs" : [
      "spotify:artist:2413I9w4sRbBz4zi5zgwjX"
    ]
  },
  {
    "platform" : "IPHONE",
    "searchTime" : "2021-11-10T09:24:21.592Z[UTC]",
    "searchQuery" : "parce",
    "searchInteractionURIs" : [
      "spotify:artist:3oKRxpszQKUjjaHz388fVA"
    ]
  },
  {
    "platform" : "IPHONE",
    "searchTime" : "2021-11-10T09:55:29.232Z[UTC]",
    "searchQuery" : "brel",
    "searchInteractionURIs" : [
      "spotify:track:39eqOHMUw2e4EYkFTUcQ9t",
      "spotify:artist:4RN2vlFWepLa46qQIU2PHs"
    ]
  },
  {
    "platform" : "IPHONE",
    "searchTime" : "2021-11-10T14:06:34.325Z[UTC]",
    "searchQuery" : "flood",
    "searchInteractionURIs" : [
      "spotify:show:0bmWonDp36VG0OpSYJwJHr"
    ]
  },
  {
    "platform" : "IPHONE",
    "searchTime" : "2021-11-10T21:00:45.787Z[UTC]",
    "searchQuery" : "the bee",
    "searchInteractionURIs" : [
      "spotify:artist:1LZEQNv7sE11VDY3SdxQeN"
    ]
  },
  {
    "platform" : "IPHONE",
    "searchTime" : "2021-11-10T23:36:29.114Z[UTC]",
    "searchQuery" : "wildest",
    "searchInteractionURIs" : [
      "spotify:track:1Ov37jtRQ2YNAe8HzfczkL"
    ]
  },
  {
    "platform" : "IPHONE",
    "searchTime" : "2021-11-11T08:26:32.540Z[UTC]",
    "searchQuery" : "frank",
    "searchInteractionURIs" : [
      "spotify:artist:1Mxqyy3pSjf8kZZL4QVxS0",
      "spotify:playlist:37i9dQZF1DX1I7noGgAP1O",
      "spotify:artist:1Mxqyy3pSjf8kZZL4QVxS0"
    ]
  },
  {
    "platform" : "IPHONE",
    "searchTime" : "2021-11-11T08:26:57.900Z[UTC]",
    "searchQuery" : "frank sinatra ne",
    "searchInteractionURIs" : [
      "spotify:track:0K2WjMLZYr09LKwurGRYRE"
    ]
  },
  {
    "platform" : "IPHONE",
    "searchTime" : "2021-11-11T08:27:06.355Z[UTC]",
    "searchQuery" : "fortuna",
    "searchInteractionURIs" : [
      "spotify:track:4BP3uh0hFLFRb5cjsgLqDh"
    ]
  },
  {
    "platform" : "IPHONE",
    "searchTime" : "2021-11-11T21:37:53.803Z[UTC]",
    "searchQuery" : "fortuna",
    "searchInteractionURIs" : [
    ]
  },
  {
    "platform" : "IPHONE",
    "searchTime" : "2021-11-12T07:39:00.216Z[UTC]",
    "searchQuery" : "this is real",
    "searchInteractionURIs" : [
      "spotify:playlist:37i9dQZF1DZ06evO2lSLok"
    ]
  },
  {
    "platform" : "IPHONE",
    "searchTime" : "2021-11-12T09:12:10.997Z[UTC]",
    "searchQuery" : "floo",
    "searchInteractionURIs" : [
      "spotify:show:0bmWonDp36VG0OpSYJwJHr"
    ]
  },
  {
    "platform" : "IPHONE",
    "searchTime" : "2021-11-12T19:33:45.063Z[UTC]",
    "searchQuery" : "tropalo",
    "searchInteractionURIs" : [
      "spotify:track:1mNSomylino1Hoaw3MzCC8"
    ]
  },
  {
    "platform" : "IPHONE",
    "searchTime" : "2021-11-12T23:30:27.731Z[UTC]",
    "searchQuery" : "this is real",
    "searchInteractionURIs" : [
      "spotify:track:5pomCBdsTZSDCFHH8BAUQe"
    ]
  },
  {
    "platform" : "IPHONE",
    "searchTime" : "2021-11-12T23:49:08.905Z[UTC]",
    "searchQuery" : "taylor",
    "searchInteractionURIs" : [
      "spotify:artist:06HL4z0CvFAxyc27GXpf02"
    ]
  },
  {
    "platform" : "IPHONE",
    "searchTime" : "2021-11-14T14:31:44.822Z[UTC]",
    "searchQuery" : "top 50 js",
    "searchInteractionURIs" : [
      "spotify:playlist:37i9dQZEVXbLRQDuF5jeBp"
    ]
  },
  {
    "platform" : "IPHONE",
    "searchTime" : "2021-11-14T15:24:25.552Z[UTC]",
    "searchQuery" : "menil",
    "searchInteractionURIs" : [
      "spotify:track:4P6mocloUzJHtSlGCcjIDi",
      "spotify:track:5AtRVxsPFwRpKAazYFN9gg",
      "spotify:track:4P6mocloUzJHtSlGCcjIDi"
    ]
  },
  {
    "platform" : "IPHONE",
    "searchTime" : "2021-11-14T23:09:52.653Z[UTC]",
    "searchQuery" : "just the ",
    "searchInteractionURIs" : [
      "spotify:track:1ko2lVN0vKGUl9zrU0qSlT"
    ]
  },
  {
    "platform" : "IPHONE",
    "searchTime" : "2021-11-15T12:37:43.028Z[UTC]",
    "searchQuery" : "this body is yours",
    "searchInteractionURIs" : [
      "spotify:track:29jtZGdgpE2lWm2mkIt6HS"
    ]
  },
  {
    "platform" : "IPHONE",
    "searchTime" : "2021-11-15T12:58:20.772Z[UTC]",
    "searchQuery" : "lordr",
    "searchInteractionURIs" : [
      "spotify:artist:163tK9Wjr9P9DmM0AVK7lm"
    ]
  },
  {
    "platform" : "IPHONE",
    "searchTime" : "2021-11-15T14:47:57.657Z[UTC]",
    "searchQuery" : "outro",
    "searchInteractionURIs" : [
      "spotify:track:1s9i7W8zx7Nxx78MUIsvjV"
    ]
  },
  {
    "platform" : "IPHONE",
    "searchTime" : "2021-11-15T16:26:44.569Z[UTC]",
    "searchQuery" : "judas",
    "searchInteractionURIs" : [
      "spotify:track:7F25roCtYi55JouckaayPC"
    ]
  },
  {
    "platform" : "IPHONE",
    "searchTime" : "2021-11-15T20:09:03.316Z[UTC]",
    "searchQuery" : "tre dege",
    "searchInteractionURIs" : [
      "spotify:artist:3QFiymmbJlVBPpnrOatEAk"
    ]
  },
  {
    "platform" : "IPHONE",
    "searchTime" : "2021-11-15T20:09:09.089Z[UTC]",
    "searchQuery" : "tre deget",
    "searchInteractionURIs" : [
      "spotify:artist:0xECfhlRzRRIIe2Co5HX6n"
    ]
  },
  {
    "platform" : "IPHONE",
    "searchTime" : "2021-11-15T23:14:06.998Z[UTC]",
    "searchQuery" : "meet",
    "searchInteractionURIs" : [
      "spotify:track:07MDkzWARZaLEdKxo6yArG",
      "spotify:track:3BrWLBC4WYx393yRUOlTih"
    ]
  },
  {
    "platform" : "IPHONE",
    "searchTime" : "2021-11-16T07:07:36.792Z[UTC]",
    "searchQuery" : "pap",
    "searchInteractionURIs" : [
      "spotify:artist:2gaCpvhi31OZtozJKsr5gm"
    ]
  },
  {
    "platform" : "IPHONE",
    "searchTime" : "2021-11-16T11:54:36.630Z[UTC]",
    "searchQuery" : "mee",
    "searchInteractionURIs" : [
      "spotify:track:3BrWLBC4WYx393yRUOlTih",
      "spotify:track:3BrWLBC4WYx393yRUOlTih",
      "spotify:track:3BrWLBC4WYx393yRUOlTih"
    ]
  },
  {
    "platform" : "IPHONE",
    "searchTime" : "2021-11-16T14:24:15.246Z[UTC]",
    "searchQuery" : "red",
    "searchInteractionURIs" : [
      "spotify:album:6kZ42qRrzov54LcAk4onW9"
    ]
  },
  {
    "platform" : "IPHONE",
    "searchTime" : "2021-11-16T15:31:46.707Z[UTC]",
    "searchQuery" : "gime ",
    "searchInteractionURIs" : [
      "spotify:track:5wKDPtbdggE1roeVp3UdXX"
    ]
  },
  {
    "platform" : "IPHONE",
    "searchTime" : "2021-11-16T20:11:26.464Z[UTC]",
    "searchQuery" : "the rock",
    "searchInteractionURIs" : [
      "spotify:artist:1T8S48bD91THNKBByWBDyn"
    ]
  },
  {
    "platform" : "IPHONE",
    "searchTime" : "2021-11-16T20:32:33.042Z[UTC]",
    "searchQuery" : "myd",
    "searchInteractionURIs" : [
      "spotify:artist:3QFiymmbJlVBPpnrOatEAk"
    ]
  },
  {
    "platform" : "IPHONE",
    "searchTime" : "2021-11-16T21:16:50.186Z[UTC]",
    "searchQuery" : "tim",
    "searchInteractionURIs" : [
      "spotify:track:5wKDPtbdggE1roeVp3UdXX"
    ]
  },
  {
    "platform" : "IPHONE",
    "searchTime" : "2021-11-17T07:27:31.004Z[UTC]",
    "searchQuery" : "minor",
    "searchInteractionURIs" : [
      "spotify:track:7IWu3uIUIYIeafzwv582Ho",
      "spotify:track:7IWu3uIUIYIeafzwv582Ho",
      "spotify:track:0NDjQezJaEC1KX9TfwEfzf",
      "spotify:artist:2ZDbs6Ag5GT53kdeY1ciTx"
    ]
  },
  {
    "platform" : "IPHONE",
    "searchTime" : "2021-11-17T07:59:31.753Z[UTC]",
    "searchQuery" : "red",
    "searchInteractionURIs" : [
      "spotify:artist:0L8ExT028jH3ddEcZwqJJ5"
    ]
  },
  {
    "platform" : "IPHONE",
    "searchTime" : "2021-11-17T10:21:47.403Z[UTC]",
    "searchQuery" : "jimmy ",
    "searchInteractionURIs" : [
      "spotify:artist:776Uo845nYHJpNaStv1Ds4"
    ]
  },
  {
    "platform" : "IPHONE",
    "searchTime" : "2021-11-17T12:07:26.571Z[UTC]",
    "searchQuery" : "this is red",
    "searchInteractionURIs" : [
      "spotify:playlist:37i9dQZF1DXbuvTm9NMIGt"
    ]
  },
  {
    "platform" : "IPHONE",
    "searchTime" : "2021-11-17T19:20:44.213Z[UTC]",
    "searchQuery" : "tau",
    "searchInteractionURIs" : [
      "spotify:artist:06HL4z0CvFAxyc27GXpf02"
    ]
  },
  {
    "platform" : "IPHONE",
    "searchTime" : "2021-11-17T22:22:05.186Z[UTC]",
    "searchQuery" : "bold",
    "searchInteractionURIs" : [
      "spotify:track:0uco0wQkB909zpPlHvu5Cc",
      "spotify:track:0uco0wQkB909zpPlHvu5Cc"
    ]
  },
  {
    "platform" : "IPHONE",
    "searchTime" : "2021-11-17T22:41:51.337Z[UTC]",
    "searchQuery" : "time",
    "searchInteractionURIs" : [
      "spotify:track:5wKDPtbdggE1roeVp3UdXX"
    ]
  },
  {
    "platform" : "IPHONE",
    "searchTime" : "2021-11-17T23:04:10.421Z[UTC]",
    "searchQuery" : "ambian",
    "searchInteractionURIs" : [
      "spotify:track:3hH4JiJWA57DmOSDmMNo73"
    ]
  },
  {
    "platform" : "IPHONE",
    "searchTime" : "2021-11-17T23:05:06.890Z[UTC]",
    "searchQuery" : "113",
    "searchInteractionURIs" : [
      "spotify:artist:5nTMNNNwQMoCYgzUXdUaB6"
    ]
  },
  {
    "platform" : "IPHONE",
    "searchTime" : "2021-11-18T19:18:00.563Z[UTC]",
    "searchQuery" : "myd",
    "searchInteractionURIs" : [
      "spotify:artist:3QFiymmbJlVBPpnrOatEAk"
    ]
  },
  {
    "platform" : "IPHONE",
    "searchTime" : "2021-11-18T19:26:01.136Z[UTC]",
    "searchQuery" : "the xx",
    "searchInteractionURIs" : [
      "spotify:album:2av2ZSHlvD7rvLSsMvtYCG"
    ]
  },
  {
    "platform" : "IPHONE",
    "searchTime" : "2021-11-18T22:28:55.216Z[UTC]",
    "searchQuery" : "the xx",
    "searchInteractionURIs" : [
    ]
  },
  {
    "platform" : "IPHONE",
    "searchTime" : "2021-11-19T16:57:17.485Z[UTC]",
    "searchQuery" : "the xx",
    "searchInteractionURIs" : [
    ]
  },
  {
    "platform" : "IPHONE",
    "searchTime" : "2021-11-19T17:02:07.210Z[UTC]",
    "searchQuery" : "the xx",
    "searchInteractionURIs" : [
    ]
  },
  {
    "platform" : "IPHONE",
    "searchTime" : "2021-11-19T18:04:59.540Z[UTC]",
    "searchQuery" : "la quete",
    "searchInteractionURIs" : [
      "spotify:track:4Lh1sGxfjyltPWcvYAFOJE"
    ]
  },
  {
    "platform" : "IPHONE",
    "searchTime" : "2021-11-19T18:05:05.811Z[UTC]",
    "searchQuery" : "orel",
    "searchInteractionURIs" : [
      "spotify:artist:4FpJcNgOvIpSBeJgRg3OfN"
    ]
  },
  {
    "platform" : "IPHONE",
    "searchTime" : "2021-11-19T18:25:07.321Z[UTC]",
    "searchQuery" : "orel",
    "searchInteractionURIs" : [
    ]
  },
  {
    "platform" : "IPHONE",
    "searchTime" : "2021-11-20T10:19:30.793Z[UTC]",
    "searchQuery" : "bold ",
    "searchInteractionURIs" : [
      "spotify:track:0uco0wQkB909zpPlHvu5Cc"
    ]
  },
  {
    "platform" : "IPHONE",
    "searchTime" : "2021-11-20T17:16:31.865Z[UTC]",
    "searchQuery" : "top 50 - roum",
    "searchInteractionURIs" : [
      "spotify:playlist:37i9dQZEVXbNZbJ6TZelCq",
      "spotify:playlist:37i9dQZEVXbNwDVyEEfWV3"
    ]
  },
  {
    "platform" : "IPHONE",
    "searchTime" : "2021-11-20T17:17:04.803Z[UTC]",
    "searchQuery" : "top 50 - fran",
    "searchInteractionURIs" : [
      "spotify:playlist:1B8UQSO6ecpMHFCoR5VNj7"
    ]
  },
  {
    "platform" : "IPHONE",
    "searchTime" : "2021-11-21T16:38:48.485Z[UTC]",
    "searchQuery" : "civil",
    "searchInteractionURIs" : [
      "spotify:album:2o2GBOfy2GG9oKYZgfZkur"
    ]
  },
  {
    "platform" : "IPHONE",
    "searchTime" : "2021-11-21T18:17:16.164Z[UTC]",
    "searchQuery" : "civil",
    "searchInteractionURIs" : [
    ]
  },
  {
    "platform" : "IPHONE",
    "searchTime" : "2021-11-21T18:22:34.864Z[UTC]",
    "searchQuery" : "civil",
    "searchInteractionURIs" : [
    ]
  },
  {
    "platform" : "IPHONE",
    "searchTime" : "2021-11-21T18:43:22.383Z[UTC]",
    "searchQuery" : "civil",
    "searchInteractionURIs" : [
    ]
  },
  {
    "platform" : "IPHONE",
    "searchTime" : "2021-11-21T19:16:50.840Z[UTC]",
    "searchQuery" : "civil",
    "searchInteractionURIs" : [
    ]
  }
]